timestamp_iso,event_type,source,entity_id,entity_name,instruction_or_event,status,details
unknown,user_instruction,coordination/TASK_BOARD.md,n/a,n/a,"Defined robotics maze goal, shared rules, and role assignments for B1-B6, R1-R10, and S1.",received,"Backfilled from TASK_BOARD.md; source has no event timestamp; timestamp unknown."
unknown,agent_spawned,coordination/TASK_BOARD.md,unknown,S1,"Supervisor role assigned to read logs, track blockers, and set integration priority.",spawned,"Backfilled from TASK_BOARD.md; timestamp unknown."
unknown,agent_spawned,coordination/TASK_BOARD.md,unknown,B1,"Assigned project scaffold, CLI runner, and dependency setup.",spawned,"Backfilled from TASK_BOARD.md; timestamp unknown."
unknown,agent_spawned,coordination/TASK_BOARD.md,unknown,B2,"Assigned maze math generation and 3D wall conversion.",spawned,"Backfilled from TASK_BOARD.md; timestamp unknown."
unknown,agent_spawned,coordination/TASK_BOARD.md,unknown,B3,"Assigned PyBullet sim loop, URDF loading, and robot reset/control.",spawned,"Backfilled from TASK_BOARD.md; timestamp unknown."
unknown,agent_spawned,coordination/TASK_BOARD.md,unknown,B4,"Assigned planner interfaces and A* baseline.",spawned,"Backfilled from TASK_BOARD.md; timestamp unknown."
unknown,agent_spawned,coordination/TASK_BOARD.md,unknown,B5,"Assigned URDF fetch/clone scripts and asset documentation.",spawned,"Backfilled from TASK_BOARD.md; timestamp unknown."
unknown,agent_spawned,coordination/TASK_BOARD.md,unknown,B6,"Assigned benchmark harness, reporting, and basic tests.",spawned,"Backfilled from TASK_BOARD.md; timestamp unknown."
unknown,agent_spawned,coordination/TASK_BOARD.md,unknown,R1,"Assigned alternative planner research/implementation track.",spawned,"Backfilled from TASK_BOARD.md; timestamp unknown."
unknown,agent_spawned,coordination/TASK_BOARD.md,unknown,R2,"Assigned alternative planner research/implementation track.",spawned,"Backfilled from TASK_BOARD.md; timestamp unknown."
unknown,agent_spawned,coordination/TASK_BOARD.md,unknown,R3,"Assigned alternative planner research/implementation track.",spawned,"Backfilled from TASK_BOARD.md; timestamp unknown."
unknown,agent_spawned,coordination/TASK_BOARD.md,unknown,R4,"Assigned alternative planner research/implementation track.",spawned,"Backfilled from TASK_BOARD.md; timestamp unknown."
unknown,agent_spawned,coordination/TASK_BOARD.md,unknown,R5,"Assigned alternative planner research/implementation track.",spawned,"Backfilled from TASK_BOARD.md; timestamp unknown."
unknown,agent_spawned,coordination/TASK_BOARD.md,unknown,R6,"Assigned alternative planner research/implementation track.",spawned,"Backfilled from TASK_BOARD.md; timestamp unknown."
unknown,agent_spawned,coordination/TASK_BOARD.md,unknown,R7,"Assigned alternative planner research/implementation track.",spawned,"Backfilled from TASK_BOARD.md; timestamp unknown."
unknown,agent_spawned,coordination/TASK_BOARD.md,unknown,R8,"Assigned alternative planner research/implementation track.",spawned,"Backfilled from TASK_BOARD.md; timestamp unknown."
unknown,agent_spawned,coordination/TASK_BOARD.md,unknown,R9,"Assigned alternative planner research/implementation track.",spawned,"Backfilled from TASK_BOARD.md; timestamp unknown."
unknown,agent_spawned,coordination/TASK_BOARD.md,unknown,R10,"Assigned alternative planner research/implementation track.",spawned,"Backfilled from TASK_BOARD.md; timestamp unknown."
2026-02-26T19:40:02Z,agent_status,coordination/S1.md,unknown,S1,"Supervisor pass scanned coordination logs and reported no build/research logs found.",blocker,"Backfilled from S1.md pass entry; blocker noted: missing status logs for B1..B6 and R1..R10."
2026-02-26T19:45:00Z,agent_completed,coordination/B1.md,unknown,B1,"Project scaffold and CLI runner implemented with fallback module loading.",completed,"Backfilled from B1.md entries at 19:40/19:43/19:45 UTC; latest completion point logged."
unknown,agent_completed,coordination/B3.md,unknown,B3,"PyBullet simulation loop and mobile robot controller implemented.",completed,"Backfilled from B3.md scope completed section; timestamp unknown."
unknown,agent_completed,coordination/B4.md,unknown,B4,"Baseline grid planners and planner/heuristic registries implemented.",completed,"Backfilled from B4.md; timestamp unknown."
unknown,agent_completed,coordination/B5.md,unknown,B5,"URDF fetch scripts and asset documentation added.",completed,"Backfilled from B5.md; date present but exact timestamp unknown."
unknown,agent_completed,coordination/B6.md,unknown,B6,"Benchmark harness, report writers, and smoke tests completed.",completed,"Backfilled from B6.md; date present but exact timestamp unknown."
unknown,agent_completed,coordination/R1.md,unknown,R1,"Weighted A* planner integration notes delivered.",completed,"Backfilled from R1.md; timestamp unknown."
unknown,agent_completed,coordination/R3.md,unknown,R3,"Theta* planner implementation and research note completed.",completed,"Backfilled from R3.md; timestamp unknown."
unknown,agent_completed,coordination/R4.md,unknown,R4,"IDA* planner implementation and research note completed.",completed,"Backfilled from R4.md; timestamp unknown."
unknown,agent_completed,coordination/R7.md,unknown,R7,"Beam Search planner implementation and research note completed.",completed,"Backfilled from R7.md; date present but exact timestamp unknown."
unknown,agent_completed,coordination/R9.md,unknown,R9,"Bidirectional BFS planner implementation and research note completed.",completed,"Backfilled from R9.md; timestamp unknown."
unknown,agent_error,coordination/S1.md,unknown,R5,"No coordination progress log found during supervisor scan.",missing_log,"Backfilled from S1.md blocker note; timestamp unknown."
unknown,agent_error,coordination/S1.md,unknown,R6,"No coordination progress log found during supervisor scan.",missing_log,"Backfilled from S1.md blocker note; timestamp unknown."
unknown,agent_error,coordination/S1.md,unknown,R8,"No coordination progress log found during supervisor scan.",missing_log,"Backfilled from S1.md blocker note; timestamp unknown."
unknown,agent_error,coordination/S1.md,unknown,R10,"No coordination progress log found during supervisor scan.",missing_log,"Backfilled from S1.md blocker note; timestamp unknown."
2026-02-26T19:??:??-05:00,user_instruction,user,n/a,n/a,"Requested a dedicated agent to maintain session CSV with timestamps and ongoing updates.",received,"Logger agent L1 spawned as Cypress."
unknown,agent_completed,subagent,019c9b76-df85-7a72-b361-92555a615212,R2,"Implemented Bidirectional A* module and research notes.",completed,"files r2_bidirectional_astar.py, R2_bidirectional_astar.md, coordination/R2.md; timestamp unknown."
unknown,agent_completed,subagent,019c9b76-7e47-7510-bb0a-4e3ae9dcdeb5,B2,"Maze generation + 3D wall conversion completed.",completed,"files src/maze.py, src/geometry.py, coordination/B2.md; includes seeded recursive backtracker + Prim variant + solvability checks; timestamp unknown."
unknown,agent_completed,subagent,019c9b77-85cf-72c2-97c5-ccb7b56ca040,R6,"LPA* incremental planner and research notes completed.",completed,"files src/alt_planners/r6_lpa_star.py, research/R6_lpa_star.md, coordination/R6.md; timestamp unknown."
unknown,agent_completed,subagent,019c9b76-817d-7721-a7b6-c093410d6c13,B5,"URDF fetch scripts and docs completed (turtlebot3 + husky sources, macOS-friendly).",completed,"files scripts/fetch_urdfs.sh, scripts/fetch_urdfs.py, urdfs/README.md, coordination/B5.md; pybullet_data fallback documented; timestamp unknown."
unknown,agent_completed,subagent,019c9b77-84af-7a03-a93e-41d52db50086,R5,"Practical JPS planner implemented.",completed,"src/alt_planners/r5_jump_point_search.py + research/R5_jump_point_search.md + coordination/R5.md; timestamp unknown."
unknown,agent_completed,subagent,019c9b77-87ce-7262-b50d-0b0ecc08b94d,R8,"Fringe Search planner implemented.",completed,"src/alt_planners/r8_fringe_search.py + research/R8_fringe_search.md + coordination/R8.md; timestamp unknown."
unknown,agent_completed,subagent,019c9b77-88d1-77e0-b6ac-590dbfe17c86,R9,"Bidirectional BFS planner implemented.",completed,"src/alt_planners/r9_bidirectional_bfs.py + research/R9_bidirectional_bfs.md + coordination/R9.md; timestamp unknown."
unknown,agent_completed,subagent,019c9b77-89dc-7381-96ae-a4f05f390e37,R10,"SOTA alternative methods research completed with ranked table.",completed,"recommended top 2 immediate candidates D* Lite and AD*; files research/R10_alt_methods_sota.md, src/alt_planners/r10_dwa_hybrid.md, coordination/R10.md; timestamp unknown."
unknown,agent_completed,subagent,019c9b76-7f23-7361-bb02-3fa0e144dc98,B3,"PyBullet simulation + robot controller + CLI adapter completed.",completed,"files src/sim.py, src/robot.py, coordination/B3.md; timestamp unknown."
unknown,user_instruction,user,n/a,n/a,"Requested screenshots from simulation and noted missing assets/images in PPTX.",received,"pending asset+image insertion into agents.pptx."
unknown,user_instruction,user,n/a,n/a,"Requested opening a GitHub test issue verifying robotics methods and >=10 post-2021 references.",received,"to be created via GitHub MCP."
unknown,github_issue_created,assistant,issue-1,Validate robotics planner recommendations,"Created verification issue in Cesar514/cosimo-idai-test.",completed,"https://github.com/Cesar514/cosimo-idai-test/issues/1"
unknown,user_instruction,user,n/a,n/a,"Requested second GitHub issue with same purpose but pre-2021 references.",received,"follow-up to issue #1."
unknown,github_issue_created,assistant,issue-2,Validate robotics planner recommendations (pre-2021 refs),"Created second verification issue in Cesar514/cosimo-idai-test.",completed,"https://github.com/Cesar514/cosimo-idai-test/issues/2"
unknown,agent_completed,subagent,019c9b76-82b5-77a1-85a3-5f73839e9629,B6,"Benchmark harness/tests completed",completed,"benchmark.py + tests/test_core.py + results docs."
unknown,user_instruction,user,n/a,n/a,"Requested simulation screenshots and noted PPT assets/images were missing",received,"target file agents.pptx."
unknown,environment_event,assistant,pybullet-install,n/a,"PyBullet build failed on current Python/macOS toolchain",failed,"switched to MuJoCo fallback strategy."
unknown,user_instruction,user,n/a,n/a,"Requested MuJoCo fallback and Pixi environment",received,"enforce pixi workflow."
unknown,implementation,assistant,robotics_maze/pixi.toml,n/a,"Added pixi environment/task config",completed,"run/benchmark/screenshots tasks added."
unknown,implementation,assistant,robotics_maze/src/sim.py,n/a,"Added MuJoCo fallback path for run_episode when PyBullet unavailable",completed,"MuJoCo install confirmed."
unknown,artifact_generated,assistant,robotics_maze/results/screenshots_mujoco,n/a,"Generated 3 MuJoCo simulation screenshots",completed,"sim_mujoco_1_astar.png, sim_mujoco_2_weighted_astar.png, sim_mujoco_3_fringe_search.png."
unknown,implementation,assistant,agents.pptx,n/a,"Inserted custom assets and simulation screenshots into deck",completed,"slides 6,18,32,35,37,38,39,40,42 updated."
unknown,github_issue_created,assistant,issue-1,n/a,"verify robotics methods post-2021 refs",completed,"https://github.com/Cesar514/cosimo-idai-test/issues/1"
unknown,github_issue_created,assistant,issue-2,n/a,"verify robotics methods pre-2021 refs",completed,"https://github.com/Cesar514/cosimo-idai-test/issues/2"
unknown,user_instruction,user,n/a,n/a,"Requested agents to run tests, capture screenshots in testing folder, analyze screenshots, and debug.",received,"robotics_maze/testing/*"
unknown,user_instruction,user,n/a,n/a,"Requested 2 more repeated GitHub issues requiring >=20 references and 4-sentence explanations each.",received,"follow-up to issues #1/#2"
unknown,github_issue_created,assistant,issue-5,n/a,"expanded post-2021 verification",completed,"https://github.com/Cesar514/cosimo-idai-test/issues/5"
unknown,github_issue_created,assistant,issue-6,n/a,"expanded pre-2021 verification",completed,"https://github.com/Cesar514/cosimo-idai-test/issues/6"
unknown,agent_spawned,assistant,019c9bd4-81a0-7b72-9eb6-4f5cd62861ca,T1,"simulation test runner + screenshot generation",in_progress,"owns robotics_maze/testing/run_sim_tests.sh + screenshots"
unknown,agent_spawned,assistant,019c9bd4-87c9-7942-8c58-4174b2b32322,T2,"benchmark test reporter",in_progress,"owns benchmarking files in testing/"
unknown,agent_spawned,assistant,019c9bd4-8db6-7383-9c04-cfb59cd265d0,T3,"screenshot analyzer/debug todo writer",in_progress,"owns reports in testing/reports"
unknown,agent_completed,subagent,019c9bd4-87c9-7942-8c58-4174b2b32322,T2,"benchmark testing in robotics_maze/testing completed.",completed,"top-3 fastest planners r1_weighted_astar, r7_beam_search, r5_jump_point_search; files benchmark_results_test.csv, benchmark_summary_test.md, benchmark_test_report.md."
unknown,agent_completed,subagent,019c9bd4-81a0-7b72-9eb6-4f5cd62861ca,T1,"simulation tests + screenshot capture in testing folder completed.",completed_with_failures,"astar pass; weighted_astar/fringe_search fail with TypeError in waypoint parsing; screenshots created under robotics_maze/testing/screenshots."
unknown,bug_fix,assistant,robotics_maze/src/sim.py,n/a,"waypoint parsing bug",completed,"fixed nested path handling and (path, metrics) tuple extraction; weighted_astar/fringe_search now pass."
unknown,validation,assistant,robotics_maze/testing/run_sim_tests.sh,n/a,"deterministic rerun",completed,"all planners pass, screenshots regenerated."
unknown,bug_fix,assistant,robotics_maze/scripts/generate_mujoco_screenshots.py,n/a,"missing overlay warning",completed,"added start/goal/path overlays to MuJoCo images."
unknown,agent_completed,subagent,019c9bd4-8db6-7383-9c04-cfb59cd265d0,T3,"screenshot re-analysis after overlay patch",completed,"issue count now 0, PASS 6/6."
unknown,agent_completed,subagent,019c9bd8-1f91-76a3-bad6-a0a1459985fd,Larry,"monitor polls with rotating Icecream flavors",completed,"6 polls, no status changes."
2026-02-27,agent_completed,coordination/B6.md,unknown,B6,"Completed benchmark/paper synchronization pass for planner ranking narrative.",completed,"Backfilled from coordination/B6.md 2026-02-27 Completed section; date known, exact timestamp unknown."
2026-02-27,implementation,coordination/B6.md,n/a,n/a,"Aligned ranking policy wording across benchmark outputs and paper-facing notes.",completed,"Backfilled from coordination/B6.md 2026-02-27 Completed section; date known, exact timestamp unknown."
2026-02-27T00:14:49+00:00,artifact_generated,results/benchmark_summary.md,n/a,n/a,"Regenerated benchmark artifacts for latest deterministic 50-maze snapshot.",completed,"Generated timestamp recorded in results/benchmark_summary.md; paired results/benchmark_results.csv refresh documented in coordination/B6.md."
2026-02-27,implementation,coordination/agent_reports/B6_refresh.md,n/a,n/a,"Synced packaging-facing benchmark run path for reproducible handoff.",completed,"B6 refresh documents root pixi task mapping to python src/benchmark.py; date known, exact timestamp unknown."
2026-02-27,artifact_generated,robotics_maze/pixi.lock,n/a,n/a,"Captured packaging hashes for locked dependencies in handoff artifacts.",completed,"Backfilled from pixi.lock hash entries: packaging-26.0 sha256 c1fc0f953048f743385d31c468b4a678b3ad20caffdeaa94bed85ba63049fd58, mujoco-3.5.0 sha256 ba54826121c6857fc4ca82df642d9a89174ce5537677c6ead34844bb692437e3, pybullet-3.2.7 sha256 5d858abf7c12a21ef3ed351cf81dac1b5e486ec25c9ab59bfc84beb89034edff; date known, exact timestamp unknown."
2026-02-27T07:59:57Z,github_issue_created,github/Cesar514/cosimo-idai-test,issue-9,"[Paper/Repro] Freeze benchmark snapshot to prevent manuscript metric drift","Created issue #9 to freeze benchmark snapshot and prevent manuscript metric drift.",completed,"https://github.com/Cesar514/cosimo-idai-test/issues/9; created_at 2026-02-27T07:59:57Z (GitHub API)."
2026-02-27T07:59:58Z,github_issue_created,github/Cesar514/cosimo-idai-test,issue-10,"[Math/Stats] Add repeated-run timing protocol and rank-stability analysis","Created issue #10 for repeated-run timing protocol and rank-stability analysis.",completed,"https://github.com/Cesar514/cosimo-idai-test/issues/10; created_at 2026-02-27T07:59:58Z (GitHub API)."
2026-02-27T07:59:58Z,github_issue_created,github/Cesar514/cosimo-idai-test,issue-11,"[Literature] Verify all 2021+ references and DOI metadata against primary sources","Created issue #11 for 2021+ reference and DOI metadata verification.",completed,"https://github.com/Cesar514/cosimo-idai-test/issues/11; created_at 2026-02-27T07:59:58Z (GitHub API)."
2026-02-27T07:59:59Z,github_issue_created,github/Cesar514/cosimo-idai-test,issue-12,"[Math/Traceability] Script inferential table generation from benchmark CSV","Created issue #12 for inferential table traceability script generation.",completed,"https://github.com/Cesar514/cosimo-idai-test/issues/12; created_at 2026-02-27T07:59:59Z (GitHub API)."
2026-02-27T07:59:59Z,github_issue_created,github/Cesar514/cosimo-idai-test,issue-13,"[RealSim] Backend parity evaluation: PyBullet vs MuJoCo on matched episodes","Created issue #13 for backend parity evaluation between PyBullet and MuJoCo.",completed,"https://github.com/Cesar514/cosimo-idai-test/issues/13; created_at 2026-02-27T07:59:59Z (GitHub API)."
2026-02-27T08:00:00Z,github_issue_created,github/Cesar514/cosimo-idai-test,issue-14,"[RealSim] Implement dynamic-obstacle benchmark extension + replanning metrics","Created issue #14 for dynamic-obstacle benchmark extension and replanning metrics.",completed,"https://github.com/Cesar514/cosimo-idai-test/issues/14; created_at 2026-02-27T08:00:00Z (GitHub API)."
2026-02-27T08:00:00Z,github_issue_created,github/Cesar514/cosimo-idai-test,issue-15,"[Simulation] URDF fallback robustness tests and structured diagnostics","Created issue #15 for URDF fallback robustness tests and structured diagnostics.",completed,"https://github.com/Cesar514/cosimo-idai-test/issues/15; created_at 2026-02-27T08:00:00Z (GitHub API)."
2026-02-27T08:00:01Z,github_issue_created,github/Cesar514/cosimo-idai-test,issue-16,"[Benchmark/CI] Enforce canonical 12-planner set with fail-closed checks","Created issue #16 to enforce canonical 12-planner benchmark contract checks in CI.",completed,"https://github.com/Cesar514/cosimo-idai-test/issues/16; created_at 2026-02-27T08:00:01Z (GitHub API)."
2026-02-27T08:00:01Z,github_issue_created,github/Cesar514/cosimo-idai-test,issue-17,"[Paper] Final novelty/framing polish for journal submission","Created issue #17 for final paper novelty/framing polish before submission.",completed,"https://github.com/Cesar514/cosimo-idai-test/issues/17; created_at 2026-02-27T08:00:01Z (GitHub API)."
2026-02-27T08:00:01Z,github_issue_created,github/Cesar514/cosimo-idai-test,issue-18,"[Figures] Replace paper figures with publication-grade scripted plots","Created issue #18 to replace paper figures with publication-grade scripted plots.",completed,"https://github.com/Cesar514/cosimo-idai-test/issues/18; created_at 2026-02-27T08:00:01Z (GitHub API)."
